id,vendor_id,title,description,category,price_rwf,image_url,image_public_id,in_stock,free_shipping,rating,review_count,created_at,updated_at,discount_percentage
test-iwanyu-stores,v_iwanyu-stores_qp2agg,Test,,Electronics,100,,,true,false,0,0,2026-01-05T15:24:46.366574+00:00,2026-01-05T15:24:46.366574+00:00,0
euro-england-jersey-spplyplus,v_spplyplus_6sd7et,Euro England Jersey,,Sports,23000,https://cdn.shopify.com/s/files/1/0748/5076/2982/files/3078619a9e531ae7e4a39612d9fcea60.jpg?v=1746552084,,true,false,0,0,2026-01-05T15:24:46.366574+00:00,2026-01-05T15:24:46.366574+00:00,0
euro-england-jersey-1-spplyplus,v_spplyplus_6sd7et,Euro Italy Jersey,,Sports,23000,https://cdn.shopify.com/s/files/1/0748/5076/2982/files/73d1fc08f3d167fe5280ed4dbf7e41b4.jpg?v=1746552080,,true,false,0,0,2026-01-05T15:24:46.366574+00:00,2026-01-05T15:24:46.366574+00:00,0
euro-belgium-jersey-spplyplus,v_spplyplus_6sd7et,Euro Belgium Jersey,,Sports,23000,https://cdn.shopify.com/s/files/1/0748/5076/2982/files/09f154c75cf14a6420d75a5ca65c8c82.jpg?v=1746552075,,true,false,0,0,2026-01-05T15:24:46.366574+00:00,2026-01-05T15:24:46.366574+00:00,0
manchester-united-24-25-jersey-spplyplus,v_spplyplus_6sd7et,Manchester united 24/25 jersey,"Competitive Season:Manchester United 2024 2025 home soccer Jersey MAN UTD RASHFORD CASEMIRO MOUNT AMRABAT football shirts
Item Type: Jersey
Sport Type: Soccer
Gender: Men
Material: Polyester
Feature: Anti-Shrink, Anti-Wrinkle, Breathable, Anti-pilling
Sleeve Length: Short


The Best Quality Soccer Jersey NBA Jersey
100 percent same as original shop
If you need big order, leave message in the orders, then you can get a surprise!",Sports,19000,https://cdn.shopify.com/s/files/1/0748/5076/2982/files/k-s-oss-17180916734607jxCiYesQd.jpg?v=1746551937,,true,false,0,0,2026-01-05T15:24:46.366574+00:00,2026-01-05T15:24:46.366574+00:00,0
jordan-spplyplus,v_spplyplus_6sd7et,Jordan,,Shoes,35000,https://cdn.shopify.com/s/files/1/0748/5076/2982/files/B1BC3745-F1D8-4BE3-95C4-97EF33FE6807.jpg?v=1746553276,,true,false,0,0,2026-01-05T15:24:46.366574+00:00,2026-01-05T15:24:46.366574+00:00,0
laptop-stand-spplyplus,v_spplyplus_6sd7et,Laptop stand,,Laptops,25000,https://cdn.shopify.com/s/files/1/0748/5076/2982/files/065F3134-8DEA-4365-9B5C-BC08BF76DFE9.jpg?v=1746553108,,true,false,0,0,2026-01-05T15:24:46.366574+00:00,2026-01-05T15:24:46.366574+00:00,0
nike-furyosa-iwanyu-store,v_iwanyu-store_0m5gwc,Nike FURYOSA.,,Shoes,28800,https://cdn.shopify.com/s/files/1/0748/5076/2982/files/5328cc1c46c65b833f5384d122c4ca72.jpg?v=1746552959,,true,false,0,0,2026-01-05T15:24:46.366574+00:00,2026-01-05T15:24:46.366574+00:00,0
nike-dunk-low-iwanyu-store,v_iwanyu-store_0m5gwc,Nike Dunk Low,,Shoes,28000,https://cdn.shopify.com/s/files/1/0748/5076/2982/files/images_4.jpg?v=1746552806,,true,false,0,0,2026-01-05T15:24:46.366574+00:00,2026-01-05T15:24:46.366574+00:00,0
untitled-apr4-03-04-my-store,v_my-store_5abcb6,Adidas campus 00's,,Shoes,28800,https://cdn.shopify.com/s/files/1/0748/5076/2982/files/ae67404206937e3e603a907ebb305e01.jpg?v=1746552785,,true,false,0,0,2026-01-05T15:24:46.366574+00:00,2026-01-05T15:24:46.366574+00:00,0
zara-stars-iwanyu-store,v_iwanyu-store_0m5gwc,Zara Stars.,,Other,29100,https://cdn.shopify.com/s/files/1/0748/5076/2982/files/images_3.jpg?v=1746552918,,true,false,0,0,2026-01-05T15:24:46.366574+00:00,2026-01-05T15:24:46.366574+00:00,0
hat-iwanyu-store,v_iwanyu-store_0m5gwc,Hat,,Other,8600,https://cdn.shopify.com/s/files/1/0748/5076/2982/files/E53F5AFA-5A78-4E54-AFEB-57688E5F02B8.png?v=1746553005,,true,false,0,0,2026-01-05T15:24:46.366574+00:00,2026-01-05T15:24:46.366574+00:00,0
yoga-shorts-iwanyu-store,v_iwanyu-store_0m5gwc,Yoga shorts,,Other,9800,https://cdn.shopify.com/s/files/1/0748/5076/2982/files/DE4C3CBE-A73D-4044-9CF3-E8073BE9186C.png?v=1746552992,,true,false,0,0,2026-01-05T15:24:46.366574+00:00,2026-01-05T15:24:46.366574+00:00,0
portable-blender-spplyplus,v_spplyplus_6sd7et,Portable blender,,Other,25000,https://cdn.shopify.com/s/files/1/0748/5076/2982/files/942E5061-A192-4C2F-9EE4-8B3E87C43D53.jpg?v=1746553153,,true,false,0,0,2026-01-05T15:24:46.366574+00:00,2026-01-05T15:24:46.366574+00:00,0
chelsea-away-2024-2025-spplyplus,v_spplyplus_6sd7et,Chelsea Away 2024-2025,,Other,28000,https://cdn.shopify.com/s/files/1/0748/5076/2982/files/A10A2752-D4FF-490E-86B5-997062F4F8FA.jpg?v=1746553235,,true,false,0,0,2026-01-05T15:24:46.366574+00:00,2026-01-05T15:24:46.366574+00:00,0
chelsea-home-2024-2025-spplyplus,v_spplyplus_6sd7et,Chelsea Home 2024-2025,,Other,28000,https://cdn.shopify.com/s/files/1/0748/5076/2982/files/546A43F3-2B9E-4B98-8DCF-10A52102F916.jpg?v=1746553230,,true,false,0,0,2026-01-05T15:24:46.366574+00:00,2026-01-05T15:24:46.366574+00:00,0
ac-milan-2024-2025-spplyplus,v_spplyplus_6sd7et,AC Milan 2024-2025,,Other,28000,https://cdn.shopify.com/s/files/1/0748/5076/2982/files/B79C133B-CA6D-48B5-8FB3-139EBF59E6B8.jpg?v=1746553224,,true,false,0,0,2026-01-05T15:24:46.366574+00:00,2026-01-05T15:24:46.366574+00:00,0
new-balance-wrpd-runner-spplyplus,v_spplyplus_6sd7et,New Balance WRPD Runner,"New Balance WRPD Runner

The WRPD Runner's unique design concept is brought to life with a combination of exaggerated proportions and minimalist restraint. The new model suggests fluid movement with the curved contours of the full-length FuelCell midsole and the many undulating accents that surround the sleek knit upper. Individual elements from classic models have been alienated beyond recognition and integrated naturally into the new design. The WRPD Runner is designed to feel familiar while also pushing the boundaries of classic running culture.",Other,34000,https://cdn.shopify.com/s/files/1/0748/5076/2982/files/11D91907-F4EF-4469-A27B-17ECC32A4A43.jpg?v=1746553210,,true,false,0,0,2026-01-05T15:24:46.366574+00:00,2026-01-05T15:24:46.366574+00:00,0
nike-air-jordan-4-retro-se-craft-spplyplus,v_spplyplus_6sd7et,Nike Air Jordan 4 Retro Se Craft,"Nike Air Jordan 4 Retro SE Craft *GS*
The next release of the Nike Air Jordan 4 is nicknamed the *Craft*. This release of the classic designed by Tinker Hatfield uses a dark green leather upper. A special highlight are the typical lattice inserts of the Air Jordan 4, which have been replaced by die-cut panels. Black details like the lacestays and the Jumpman on the heel round off the design.",Other,35000,https://cdn.shopify.com/s/files/1/0748/5076/2982/files/84002B8B-AADC-4E38-8758-DB19BA57FACE.png?v=1746553202,,true,false,0,0,2026-01-05T15:24:46.366574+00:00,2026-01-05T15:24:46.366574+00:00,0
hp-probook-640-g1-spplyplus,v_spplyplus_6sd7et,HP ProBook 640 G1,"Screen Size
15.6"" (39.6 cm)


Processor Type
Intel Core i5


RAM Memory
8 GB


Hard Drive Capacity
256 GB


Operating System
Windows 10 Pro x64


Processor Speed
2.6 GHz


Brand
HP


Model
ProBook 650 G1


Processor Brand
Intel


Solid State Drive Capacity
256 GB


RAM Memory Type
DDR3







Product Description


HP ProBook 650 G1 Laptop Core i5-4210M






Intel Core i5-4300M 2.60GHz Processor
8GB DDR3 Memory
256GB Solid State Drive
15.6"" 1366x768 HD Display
Windows 10 Pro x64",Other,385000,https://cdn.shopify.com/s/files/1/0748/5076/2982/files/60C86E90-9774-4B28-B6F4-D18DC37517B2.png?v=1746553193,,true,false,0,0,2026-01-05T15:24:46.366574+00:00,2026-01-05T15:24:46.366574+00:00,0
hp-elitebook-840-g5-14-spplyplus,v_spplyplus_6sd7et,HP Elitebook 840 G5 14,"Product Description


Issaquah Highlands Tech sells computers with Original and upgraded configurations. If the computer has modifications (listed below), then the manufacturer box is opened for it to be tested and inspected and to install the upgrades to achieve the specifications as advertised.




Smart Buy HP EliteBook 840 G5 Business Notebook PC with HP Elitebook Docking Station

Docking Station:Quickly and easily expand your display, network, and device connectivity to customize an always-ready workspace with the HP 2013 UltraSlim Docking Station, a simple one-click, slide-in side dock for select ultraslim HP EliteBook Notebook PCs.

The EliteBook 840 G5 is an absolute beauty of a business laptop, providing a comfy keyboard, strong performance and amazing sound in a stylish design.























Additional Specifications






Price 
—


Keyboard 
HP Premium Keyboard with drain (Backlit) 


Webcam 
720p HD Webcam 


Audio 
Bang &amp; Olufsen, 2 Premium Stereo Speakers, HP Audio Boost, HP Noise Cancellation, Digital Microphones (Dual-Array) 


Security 
TPM 2.0 | FINGERPRINT READER 


Energy Efficiency 
ENERGY STAR certified 


















Right Side



USB Type-C Thunderbolt 
Headphone/Microphone Combo Jack 
USB 3.1 Gen 1 
Gigabit Ethernet Port (RJ-45) 
Docking connector 
NO SIM Card reader (Empty shell) 
AC Port (DC JACK) 
HDMI 






Buttons &amp; Ports
Left Side




Security Lock Slot 
USB 3.1 Gen 1 (charging) 
SmartCard Reader (NOT INCLUDED;empty shell",Other,550000,https://cdn.shopify.com/s/files/1/0748/5076/2982/files/0593D54C-D9B3-4D43-9317-BEF5F9090DFA.jpg?v=1746553183,,true,false,0,0,2026-01-05T15:24:46.366574+00:00,2026-01-05T15:24:46.366574+00:00,0
elegant-dinner-sets-including-6-cups-6-side-plates-6-bowls-a-spplyplus,v_spplyplus_6sd7et,"Elegant dinner sets including 6 cups, 6 side plates, 6 bowls, and 6 plates.",,Other,72000,https://cdn.shopify.com/s/files/1/0748/5076/2982/files/B2FA9647-1FA4-43E1-BD99-552FAEF4EE10.jpg?v=1746553174,,true,false,0,0,2026-01-05T15:24:46.366574+00:00,2026-01-05T15:24:46.366574+00:00,0
frying-pan-of-24cm-without-lid-black-spplyplus,v_spplyplus_6sd7et,Frying Pan of 24cm without Lid - Black,"This pan set is essential for every kitchen. 
Create delicious fried potatoes, fresh vegetables, fluffy egg dishes or crispy meat and use a bigger or a smaller pan, depending on your needs!


1 frying pan, ø approx. 24 cm, height: approx. 4.4 cm, approx. 1.5 l



Perfect results and crispy meat
Perfect taste
Vitamin-friendly cooking and frying without fat and oil
No burning and no sticking
Super easy to clean
Suitable for all cookers including induction cookers
Extra strong, non-distorting base
Base thickness 4.5 mm
These products are oven-proof until 180 °C
Material: die-cast aluminium",Other,23000,https://cdn.shopify.com/s/files/1/0748/5076/2982/files/6F4589D1-6D96-4350-ABB6-DF1FF0D8BB3C.jpg?v=1746553166,,true,false,0,0,2026-01-05T15:24:46.366574+00:00,2026-01-05T15:24:46.366574+00:00,0
hp-elite-book-360-spplyplus,v_spplyplus_6sd7et,Hp elite book 360,"Screen size13.3 in

13.3 in


ProcessorI5 – 7300U

I5 – 7300U


Ram memory8 GB

8 GB


HD capacity256 GB

256 GB


Battery life16.5 h

16.5 h


Weight4.3000 oz

4.3000 oz


TouchscreenN

N


Resolution1920 x 1080

1920 x 1080


BrandHP

HP


Max RAM16 GB

16 GB",Other,600000,https://cdn.shopify.com/s/files/1/0748/5076/2982/files/AA4E0A81-1FD8-4A6A-BCA1-6E87347FBCD3.jpg?v=1746553159,,true,false,0,0,2026-01-05T15:24:46.366574+00:00,2026-01-05T15:24:46.366574+00:00,0
butterfly-sandals-new-version-spplyplus,v_spplyplus_6sd7et,Butterfly sandals [new version ],,Other,25000,https://cdn.shopify.com/s/files/1/0748/5076/2982/files/531A5E9C-6DBF-4110-B580-8C8BAE6073D0.jpg?v=1746553145,,true,false,0,0,2026-01-05T15:24:46.366574+00:00,2026-01-05T15:24:46.366574+00:00,0
new-balance-54sr-iwanyu-store,v_iwanyu-store_0m5gwc,New balance 54sr,,Other,28300,https://cdn.shopify.com/s/files/1/0748/5076/2982/files/8F7B9FEF-6410-4B91-9417-6A07C5090A86.jpg?v=1746553011,,true,false,0,0,2026-01-05T15:24:46.366574+00:00,2026-01-05T15:24:46.366574+00:00,0
christian-dior-iwanyu-store,v_iwanyu-store_0m5gwc,Christian Dior.,,Other,29800,https://cdn.shopify.com/s/files/1/0748/5076/2982/files/a2ade2581d3cd4d6295b34ab543911b7.jpg?v=1746552956,,true,false,0,0,2026-01-05T15:24:46.366574+00:00,2026-01-05T15:24:46.366574+00:00,0
fluffy-bomber-jackets-iwanyu-store,v_iwanyu-store_0m5gwc,Fluffy [bomber jackets],,Other,15900,https://cdn.shopify.com/s/files/1/0748/5076/2982/files/ddda57aa0d6f65979ab2e07030a98477.jpg?v=1746552926,,true,false,0,0,2026-01-05T15:24:46.366574+00:00,2026-01-05T15:24:46.366574+00:00,0
v-jackets-iwanyu-store,v_iwanyu-store_0m5gwc,V-Jackets,,Other,20800,https://cdn.shopify.com/s/files/1/0748/5076/2982/files/WhatsAppImage2024-04-20at01.26.24.jpg?v=1746552912,,true,false,0,0,2026-01-05T15:24:46.366574+00:00,2026-01-05T15:24:46.366574+00:00,0
bvb-borussia-dortmund-jersey-iwanyu-store,v_iwanyu-store_0m5gwc,BVB (Borussia Dortmund) Jersey,,Other,18600,https://cdn.shopify.com/s/files/1/0748/5076/2982/files/1125d5b79770189f042ab83ae67f5d5d.jpg?v=1746552906,,true,false,0,0,2026-01-05T15:24:46.366574+00:00,2026-01-05T15:24:46.366574+00:00,0
psg-jersey-iwanyu-store,v_iwanyu-store_0m5gwc,PSG Jersey,,Other,18600,https://cdn.shopify.com/s/files/1/0748/5076/2982/files/618e87c7cd25ca389115853216ea5249.jpg?v=1746552887,,true,false,0,0,2026-01-05T15:24:46.366574+00:00,2026-01-05T15:24:46.366574+00:00,0
unisex-574-core-spplyplus,v_spplyplus_6sd7et,Unisex 574 Core,,Other,29300,https://cdn.shopify.com/s/files/1/0748/5076/2982/files/newbalance3.webp?v=1746552877,,true,false,0,0,2026-01-05T15:24:46.366574+00:00,2026-01-05T15:24:46.366574+00:00,0
naked-wolfe-iwanyu-store,v_iwanyu-store_0m5gwc,Naked Wolfe,,Other,29000,https://cdn.shopify.com/s/files/1/0748/5076/2982/files/86d10109bffe42a6d2675305a5dbcdb4.jpg?v=1746552853,,true,false,0,0,2026-01-05T15:24:46.366574+00:00,2026-01-05T15:24:46.366574+00:00,0
yeezy-700-iwanyu-store,v_iwanyu-store_0m5gwc,Yeezy 700,,Other,28400,https://cdn.shopify.com/s/files/1/0748/5076/2982/files/1f903c42d3e801149878da8cf8bf9a75.jpg?v=1746552847,,true,false,0,0,2026-01-05T15:24:46.366574+00:00,2026-01-05T15:24:46.366574+00:00,0
jordan-13s-iwanyu-store,v_iwanyu-store_0m5gwc,"Jordan 13""s",,Other,28500,https://cdn.shopify.com/s/files/1/0748/5076/2982/files/94ff1f69b568a00d64e14fb2279faa4c.jpg?v=1746552830,,true,false,0,0,2026-01-05T15:24:46.366574+00:00,2026-01-05T15:24:46.366574+00:00,0
puma-mb-01-dessert-iwanyu-store,v_iwanyu-store_0m5gwc,Puma Mb.01 Dessert,Athletic sneakers.,Other,29300,https://cdn.shopify.com/s/files/1/0748/5076/2982/files/ee0224e6cc826116a5ed7b655ee36051.jpg?v=1746552818,,true,false,0,0,2026-01-05T15:24:46.366574+00:00,2026-01-05T15:24:46.366574+00:00,0
untitled-apr6-01-42-iwanyu-store,v_iwanyu-store_0m5gwc,Run Star Hike Platform,Shipping in 2hrs,Other,29800,https://cdn.shopify.com/s/files/1/0748/5076/2982/files/run-star-hike-platform-unisex-shoes-WFMhT5.jpg?v=1746552802,,true,false,0,0,2026-01-05T15:24:46.366574+00:00,2026-01-05T15:24:46.366574+00:00,0
france-team-jersey-iwanyu-store,v_iwanyu-store_0m5gwc,France Team jersey,,Other,19000,https://cdn.shopify.com/s/files/1/0748/5076/2982/files/cc4c8c4e8f44cea91caaa86b26cf4594.jpg?v=1746552774,,true,false,0,0,2026-01-05T15:24:46.366574+00:00,2026-01-05T15:24:46.366574+00:00,0
tottenham-hotspurs-jersey-iwanyu-store,v_iwanyu-store_0m5gwc,Tottenham hotspurs Jersey,,Other,18600,https://cdn.shopify.com/s/files/1/0748/5076/2982/files/bbd01afef591469f86461362e1db8623.jpg?v=1746552771,,true,false,0,0,2026-01-05T15:24:46.366574+00:00,2026-01-05T15:24:46.366574+00:00,0
manchester-city-jersey-iwanyu-store,v_iwanyu-store_0m5gwc,Manchester city jersey,,Other,18600,https://cdn.shopify.com/s/files/1/0748/5076/2982/files/1daa6b7839eb4ec1bb8e79cee7097035.jpg?v=1746552755,,true,false,0,0,2026-01-05T15:24:46.366574+00:00,2026-01-05T15:24:46.366574+00:00,0
inter-miami-iwanyu-store,v_iwanyu-store_0m5gwc,Inter Miami jersey,,Other,18700,https://cdn.shopify.com/s/files/1/0748/5076/2982/files/d288acb8855b3b45a252cd3ca5d8a9c2.jpg?v=1746552747,,true,false,0,0,2026-01-05T15:24:46.366574+00:00,2026-01-05T15:24:46.366574+00:00,0
kwesa-collection-iwanyu-store,v_iwanyu-store_0m5gwc,Kwesa collection,,Other,28200,https://cdn.shopify.com/s/files/1/0748/5076/2982/files/6444cdd077890.jpg?v=1746552705,,true,false,0,0,2026-01-05T15:24:46.366574+00:00,2026-01-05T15:24:46.366574+00:00,0
manchester-united-jerseys-iwanyu-store,v_iwanyu-store_0m5gwc,Manchester united Jerseys,,Other,18200,https://cdn.shopify.com/s/files/1/0748/5076/2982/files/d57933ee47bbee0eaefa8528a745e544.jpg?v=1746552672,,true,false,0,0,2026-01-05T15:24:46.366574+00:00,2026-01-05T15:24:46.366574+00:00,0
sandalsbutterfly-iwanyu-store,v_iwanyu-store_0m5gwc,Sandals(butterfly),,Other,16200,https://cdn.shopify.com/s/files/1/0748/5076/2982/files/4D13F22E-7B44-4F23-AC4A-DECBF3A9597D.png?v=1746552645,,true,false,0,0,2026-01-05T15:24:46.366574+00:00,2026-01-05T15:24:46.366574+00:00,0
new-balance-550-iwanyu-store,v_iwanyu-store_0m5gwc,New balance 550,,Other,29100,https://cdn.shopify.com/s/files/1/0748/5076/2982/files/4d041fe06825879738d0c11641fc1f8b.jpg?v=1746552605,,true,false,0,0,2026-01-05T15:24:46.366574+00:00,2026-01-05T15:24:46.366574+00:00,0
yeezy-slides-iwanyu-store,v_iwanyu-store_0m5gwc,Yeezy slides,,Other,17100,https://cdn.shopify.com/s/files/1/0748/5076/2982/files/226e9c42cd8dd5f688d4d42ca1a6b576.jpg?v=1746552577,,true,false,0,0,2026-01-05T15:24:46.366574+00:00,2026-01-05T15:24:46.366574+00:00,0
yeezy-boost-iwanyu-store,v_iwanyu-store_0m5gwc,Yeezy Boost,,Other,24100,https://cdn.shopify.com/s/files/1/0748/5076/2982/files/8f1d5e256681e65a3cedae7695d711df.jpg?v=1746552569,,true,false,0,0,2026-01-05T15:24:46.366574+00:00,2026-01-05T15:24:46.366574+00:00,0
men-s-shirt-iwanyu-store,v_iwanyu-store_0m5gwc,Men’s shirt,,Other,16500,https://cdn.shopify.com/s/files/1/0748/5076/2982/files/ba4766fad03b707e77692f84151d990d_1.jpg?v=1746552561,,true,false,0,0,2026-01-05T15:24:46.366574+00:00,2026-01-05T15:24:46.366574+00:00,0
women-top-iwanyu-store,v_iwanyu-store_0m5gwc,Women Top,,Other,5900,https://cdn.shopify.com/s/files/1/0748/5076/2982/files/698fc7d94e24b202ac3eb5588752ec04.jpg?v=1746552540,,true,false,0,0,2026-01-05T15:24:46.366574+00:00,2026-01-05T15:24:46.366574+00:00,0
shorts-iwanyu-store,v_iwanyu-store_0m5gwc,Shorts,,Other,7590,https://cdn.shopify.com/s/files/1/0748/5076/2982/files/4299f5c58b315c6c13a1296ba57a23c0.jpg?v=1746552534,,true,false,0,0,2026-01-05T15:24:46.366574+00:00,2026-01-05T15:24:46.366574+00:00,0
h-smile-iwanyu-store,v_iwanyu-store_0m5gwc,H-smile,,Other,18500,https://cdn.shopify.com/s/files/1/0748/5076/2982/files/5e2f8d4e0ca5f9801ef88c4be08d7021.jpg?v=1746552481,,true,false,0,0,2026-01-05T15:24:46.366574+00:00,2026-01-05T15:24:46.366574+00:00,0
supreme-iwanyu-store,v_iwanyu-store_0m5gwc,Supreme,,Other,18000,https://cdn.shopify.com/s/files/1/0748/5076/2982/files/2b4828732ec1e20021b1cfdf4c208a52.jpg?v=1746552478,,true,false,0,0,2026-01-05T15:24:46.366574+00:00,2026-01-05T15:24:46.366574+00:00,0
jordan-1-low-brown-davincis,v_davincis_xubefd,Jordan 1 low:[brown],,Other,25000,https://cdn.shopify.com/s/files/1/0748/5076/2982/files/5AD5D2D2-C6B2-4C2E-A873-A580BF987660_1_105_c.webp?v=1746552465,,true,false,0,0,2026-01-05T15:24:46.366574+00:00,2026-01-05T15:24:46.366574+00:00,0
luis-vuitton-air-force-1-davincis,v_davincis_xubefd,Luis vuitton Air force 1,,Other,28000,https://cdn.shopify.com/s/files/1/0748/5076/2982/files/joseph-wall-af1lvsothebys-0019.jpg?v=1746552454,,true,false,0,0,2026-01-05T15:24:46.366574+00:00,2026-01-05T15:24:46.366574+00:00,0
high-fade-puma-davincis,v_davincis_xubefd,High Fade puma,,Other,27500,https://cdn.shopify.com/s/files/1/0748/5076/2982/files/1257710-d.jpg?v=1746552434,,true,false,0,0,2026-01-05T15:24:46.366574+00:00,2026-01-05T15:24:46.366574+00:00,0
travis-scott-x-nike-air-max-1-baroque-brown-iwanyu-store,v_iwanyu-store_0m5gwc,Travis Scott X Nike Air Max 1 'baroque Brown',,Other,25000,https://cdn.shopify.com/s/files/1/0748/5076/2982/files/niike4.webp?v=1746552398,,true,false,0,0,2026-01-05T15:24:46.366574+00:00,2026-01-05T15:24:46.366574+00:00,0
louis-vuitton-skate-sneaker-iwanyu-store,v_iwanyu-store_0m5gwc,Louis Vuitton Skate Sneaker,,Other,30000,https://cdn.shopify.com/s/files/1/0748/5076/2982/files/f83226cf756af1020ba1ebebbed385d9.jpg?v=1746552376,,true,false,0,0,2026-01-05T15:24:46.366574+00:00,2026-01-05T15:24:46.366574+00:00,0
nike-air-max-90-tan-olive-orange-iwanyu-store,v_iwanyu-store_0m5gwc,Nike Air Max 90 Tan Olive Orange,,Other,29500,https://cdn.shopify.com/s/files/1/0748/5076/2982/files/id-11134207-7qul7-lkbal7ookuv607.jpg?v=1746552364,,true,false,0,0,2026-01-05T15:24:46.366574+00:00,2026-01-05T15:24:46.366574+00:00,0
reebok-unisex-adult-zig-kinetica-edge-sneaker-iwanyu-store,v_iwanyu-store_0m5gwc,Reebok Unisex-Adult Zig Kinetica Edge Sneaker,,Other,32000,https://cdn.shopify.com/s/files/1/0748/5076/2982/files/51DYh3KsUZL._SL1100.jpg?v=1746552356,,true,false,0,0,2026-01-05T15:24:46.366574+00:00,2026-01-05T15:24:46.366574+00:00,0
men-plus-flap-pocket-shirt-outfit-iwanyu-store,v_iwanyu-store_0m5gwc,Men Plus Flap Pocket Shirt (outfit),"Complete pair of classic clothing.

call for any other information.

+250794306915",Other,31700,https://cdn.shopify.com/s/files/1/0748/5076/2982/files/2ae4fb60-bcf7-4843-b3c5-3cb7f919cf6d.jpg?v=1746552334,,true,false,0,0,2026-01-05T15:24:46.366574+00:00,2026-01-05T15:24:46.366574+00:00,0
stylish-pocket-pants-spplyplus,v_spplyplus_6sd7et,Stylish pocketbook pants,,Other,18300,https://cdn.shopify.com/s/files/1/0748/5076/2982/files/techwear-pants-with-straps-14.jpg?v=1746552316,,true,false,0,0,2026-01-05T15:24:46.366574+00:00,2026-01-05T15:24:46.366574+00:00,0
supreme-t-shirt-iwanyu-store,v_iwanyu-store_0m5gwc,Supreme T-shirt,,Other,9750,https://cdn.shopify.com/s/files/1/0748/5076/2982/files/images_22.jpg?v=1746552291,,true,false,0,0,2026-01-05T15:24:46.366574+00:00,2026-01-05T15:24:46.366574+00:00,0
ny-hat-cap-iwanyu-store,v_iwanyu-store_0m5gwc,NY hat (cap),,Other,5300,https://cdn.shopify.com/s/files/1/0748/5076/2982/files/images_21.jpg?v=1746552286,,true,false,0,0,2026-01-05T15:24:46.366574+00:00,2026-01-05T15:24:46.366574+00:00,0
nike-t-shirt-iwanyu-store,v_iwanyu-store_0m5gwc,Nike T-shirt,,Other,8350,https://cdn.shopify.com/s/files/1/0748/5076/2982/files/3f6633edd3539cefc718aee1f60346d1.jpg?v=1746552246,,true,false,0,0,2026-01-05T15:24:46.366574+00:00,2026-01-05T15:24:46.366574+00:00,0
polo-brown-jacket-iwanyu-store,v_iwanyu-store_0m5gwc,Polo brown jacket,,Other,11100,https://cdn.shopify.com/s/files/1/0748/5076/2982/files/e94b07b2a1ac73a7f8933ebfd00ba96e.jpg?v=1746552234,,true,false,0,0,2026-01-05T15:24:46.366574+00:00,2026-01-05T15:24:46.366574+00:00,0
uncategoriezed-crocs-iwanyu-store,v_iwanyu-store_0m5gwc,Crocs,,Other,15900,https://cdn.shopify.com/s/files/1/0748/5076/2982/files/090cf460d9fd8e6c6d203c2ee512070d.jpg?v=1746552984,,true,false,0,0,2026-01-05T15:24:46.366574+00:00,2026-01-05T15:24:46.366574+00:00,0
crocs-echo-unisex-clogs-atmosphere-iwanyu-store,v_iwanyu-store_0m5gwc,Crocs ECHO UNISEX - Clogs - atmosphere,one of kind comfy crocs.,Other,19000,https://cdn.shopify.com/s/files/1/0748/5076/2982/files/3ffc063261227e1ab54938eb3447c859.jpg?v=1746552970,,true,false,0,0,2026-01-05T15:24:46.366574+00:00,2026-01-05T15:24:46.366574+00:00,0
badbunny-x-forum-iwanyu-store,v_iwanyu-store_0m5gwc,Badbunny X Forum.,,Other,26800,https://cdn.shopify.com/s/files/1/0748/5076/2982/files/b7ab71d30e869c240d002f6d87a626a1.jpg?v=1746552948,,true,false,0,0,2026-01-05T15:24:46.366574+00:00,2026-01-05T15:24:46.366574+00:00,0
nike-270-iwanyu-store,v_iwanyu-store_0m5gwc,Nike 270.,,Other,28000,https://cdn.shopify.com/s/files/1/0748/5076/2982/files/d1cd171abe2544af8271b5c644e5b03e.jpg?v=1746552938,,true,false,0,0,2026-01-05T15:24:46.366574+00:00,2026-01-05T15:24:46.366574+00:00,0
new-balance-iwanyu-store,v_iwanyu-store_0m5gwc,New Balance,,Other,34000,https://cdn.shopify.com/s/files/1/0748/5076/2982/files/f3071147a1f07c6e7e073ec9462744b7.jpg?v=1746552933,,true,false,0,0,2026-01-05T15:24:46.366574+00:00,2026-01-05T15:24:46.366574+00:00,0
elastic-waist-cargo-pant-iwanyu-store,v_iwanyu-store_0m5gwc,Elastic waist cargo pant,,Other,21000,https://cdn.shopify.com/s/files/1/0748/5076/2982/files/IMG-20240419-WA0023-removebg-preview.jpg?v=1746552881,,true,false,0,0,2026-01-05T15:24:46.366574+00:00,2026-01-05T15:24:46.366574+00:00,0
adidas-samba-my-store,v_my-store_5abcb6,Adidas Samba,,Other,35000,https://cdn.shopify.com/s/files/1/0748/5076/2982/files/e06e2b3479148a64e57c6103b00a5eea.jpg?v=1746552865,,true,false,0,0,2026-01-05T15:24:46.366574+00:00,2026-01-05T15:24:46.366574+00:00,0
vans-ward-low-iwanyu-store,v_iwanyu-store_0m5gwc,Vans® Ward Low,,Other,25000,https://cdn.shopify.com/s/files/1/0748/5076/2982/files/Vans_WardLow_Black_White.webp?v=1746552839,,true,false,0,0,2026-01-05T15:24:46.366574+00:00,2026-01-05T15:24:46.366574+00:00,0
nike-dunk-low-1-iwanyu-store,v_iwanyu-store_0m5gwc,Nike Dunk Low,,Other,28000,https://cdn.shopify.com/s/files/1/0748/5076/2982/files/custom-nike-dunk-low-by-you_1.webp?v=1746552811,,true,false,0,0,2026-01-05T15:24:46.366574+00:00,2026-01-05T15:24:46.366574+00:00,0
chelsea-jersey-iwanyu-store,v_iwanyu-store_0m5gwc,Chelsea Jersey,,Other,18300,https://cdn.shopify.com/s/files/1/0748/5076/2982/files/download_7.jpg?v=1746552765,,true,false,0,0,2026-01-05T15:24:46.366574+00:00,2026-01-05T15:24:46.366574+00:00,0
barcelona-jersey-iwanyu-store,v_iwanyu-store_0m5gwc,Barcelona jersey,,Other,18600,https://cdn.shopify.com/s/files/1/0748/5076/2982/files/934e1b403436e622f7e9f472d924778c.jpg?v=1746552739,,true,false,0,0,2026-01-05T15:24:46.366574+00:00,2026-01-05T15:24:46.366574+00:00,0
al-nassr-jearsey-iwanyu-store,v_iwanyu-store_0m5gwc,AL-NASSR jersey,,Other,18300,https://cdn.shopify.com/s/files/1/0748/5076/2982/files/dd04c3a6dd4233dfe15971d4a6d1b2ad.jpg?v=1746552726,,true,false,0,0,2026-01-05T15:24:46.366574+00:00,2026-01-05T15:24:46.366574+00:00,0
liverpool-jersey-iwanyu-store,v_iwanyu-store_0m5gwc,Liverpool jersey,,Other,18900,https://cdn.shopify.com/s/files/1/0748/5076/2982/files/ebb2f022a48b07a08616e6c9061be52d.jpg?v=1746552712,,true,false,0,0,2026-01-05T15:24:46.366574+00:00,2026-01-05T15:24:46.366574+00:00,0
alexandre-mcqueen-iwanyu-store,v_iwanyu-store_0m5gwc,Alexandre McQueen,,Other,27500,https://cdn.shopify.com/s/files/1/0748/5076/2982/files/A944C02F-CB9F-4744-BF01-D26CF67D91E0.jpg?v=1746552659,,true,false,0,0,2026-01-05T15:24:46.366574+00:00,2026-01-05T15:24:46.366574+00:00,0
calvin-klein-iwanyu-store,v_iwanyu-store_0m5gwc,3 Calvin Klein,,Other,15000,https://cdn.shopify.com/s/files/1/0748/5076/2982/files/bac157ecc3f5d39a05749189797849e5.jpg?v=1746552630,,true,false,0,0,2026-01-05T15:24:46.366574+00:00,2026-01-05T15:24:46.366574+00:00,0
str-iwanyu-store,v_iwanyu-store_0m5gwc,Str-gaze,,Other,26000,https://cdn.shopify.com/s/files/1/0748/5076/2982/files/01689e30035c9be95a062a1bd11d1582.jpg?v=1746552621,,true,false,0,0,2026-01-05T15:24:46.366574+00:00,2026-01-05T15:24:46.366574+00:00,0
air-jordan-4-iwanyu-store,v_iwanyu-store_0m5gwc,Air Jordan 4,,Other,32000,https://cdn.shopify.com/s/files/1/0748/5076/2982/files/a544661862a3b4c664db8e1b40535ef6.jpg?v=1746552612,,true,false,0,0,2026-01-05T15:24:46.366574+00:00,2026-01-05T15:24:46.366574+00:00,0
balenciaga-2020-shut-iwanyu-store,v_iwanyu-store_0m5gwc,Balenciaga 2020 Shut,,Other,27500,https://cdn.shopify.com/s/files/1/0748/5076/2982/files/09d1e73a64377d14fc0f43ca39332582.jpg?v=1746552599,,true,false,0,0,2026-01-05T15:24:46.366574+00:00,2026-01-05T15:24:46.366574+00:00,0
hats-caps-iwanyu-store,v_iwanyu-store_0m5gwc,Hats // caps,,Other,7900,https://cdn.shopify.com/s/files/1/0748/5076/2982/files/b741c66d91e47738f0268722588cf948.jpg?v=1746552594,,true,false,0,0,2026-01-05T15:24:46.366574+00:00,2026-01-05T15:24:46.366574+00:00,0
air-iwanyu-store,v_iwanyu-store_0m5gwc,Air,,Other,32700,https://cdn.shopify.com/s/files/1/0748/5076/2982/files/b85d8210bc29887bce26c9b9ec225935.jpg?v=1746552584,,true,false,0,0,2026-01-05T15:24:46.366574+00:00,2026-01-05T15:24:46.366574+00:00,0
celine-hat-iwanyu-store,v_iwanyu-store_0m5gwc,Celine hat,,Other,9000,https://cdn.shopify.com/s/files/1/0748/5076/2982/files/b07e2583c863cd78b0f9d66c08ed9dd2.jpg?v=1746552571,,true,false,0,0,2026-01-05T15:24:46.366574+00:00,2026-01-05T15:24:46.366574+00:00,0
d-g-sn-shoes-iwanyu-store,v_iwanyu-store_0m5gwc,D&G SN shoes,,Other,29000,https://cdn.shopify.com/s/files/1/0748/5076/2982/files/464e737781d25940c95d8badac8761d5.jpg?v=1746552547,,true,false,0,0,2026-01-05T15:24:46.366574+00:00,2026-01-05T15:24:46.366574+00:00,0
winter-jackets-iwanyu-store,v_iwanyu-store_0m5gwc,Winter Jackets,,Other,30000,https://cdn.shopify.com/s/files/1/0748/5076/2982/files/94682e01e68b30776bc6e7ea89f8d6e9.jpg?v=1746552527,,true,false,0,0,2026-01-05T15:24:46.366574+00:00,2026-01-05T15:24:46.366574+00:00,0
women-leather-coats-iwanyu-store,v_iwanyu-store_0m5gwc,Women Leather coats,,Other,30000,https://cdn.shopify.com/s/files/1/0748/5076/2982/files/4e75d3e0b7c1c7657ac81490d11b73ab.jpg?v=1746552519,,true,false,0,0,2026-01-05T15:24:46.366574+00:00,2026-01-05T15:24:46.366574+00:00,0
jordan-ones-greenfield-iwanyu-store,v_iwanyu-store_0m5gwc,Jordan ones greenfield,,Other,29000,https://cdn.shopify.com/s/files/1/0748/5076/2982/files/84e4fcee7fcbb97ee0c6e6176518c9f9.jpg?v=1746552509,,true,false,0,0,2026-01-05T15:24:46.366574+00:00,2026-01-05T15:24:46.366574+00:00,0
nike-socks-iwanyu-store,v_iwanyu-store_0m5gwc,5 pairs Nike socks,Comes in 5,Other,25000,https://cdn.shopify.com/s/files/1/0748/5076/2982/files/f750a98317c1e5e0360089c48b7b865e.jpg?v=1746552505,,true,false,0,0,2026-01-05T15:24:46.366574+00:00,2026-01-05T15:24:46.366574+00:00,0
blackie-iwanyu-store,v_iwanyu-store_0m5gwc,Blackie,,Other,7240,https://cdn.shopify.com/s/files/1/0748/5076/2982/files/5bbcc19b20050d59f8017eaf60e6885a.jpg?v=1746552497,,true,false,0,0,2026-01-05T15:24:46.366574+00:00,2026-01-05T15:24:46.366574+00:00,0
air-jordan-4-black-white-gray-davincis,v_davincis_xubefd,Air Jordan 4,,Other,32000,https://cdn.shopify.com/s/files/1/0748/5076/2982/files/Air_Jordan_4_Retro_PS_Military_Black_grande_3750fb15-923a-4ba2-aeb6-5a5a133f5681.webp?v=1746552472,,true,false,0,0,2026-01-05T15:24:46.366574+00:00,2026-01-05T15:24:46.366574+00:00,0
air-force-1-davincisk,v_davincisk_i4koxq,Air Force 1,,Other,29500,https://cdn.shopify.com/s/files/1/0748/5076/2982/files/Giay-AF1-Grey-Got-Cam-Sieu-C_p.jpg?v=1746552449,,true,false,0,0,2026-01-05T15:24:46.366574+00:00,2026-01-05T15:24:46.366574+00:00,0
dark-air-jordan-4-davincis,v_davincis_xubefd,Dark Air Jordan 4,,Other,29000,https://cdn.shopify.com/s/files/1/0748/5076/2982/files/P0.jpg?v=1746552439,,true,false,0,0,2026-01-05T15:24:46.366574+00:00,2026-01-05T15:24:46.366574+00:00,0
air-jordan-1-ice-blue-davincis,v_davincis_xubefd,Air Jordan 1 [ice blue],,Other,26000,https://cdn.shopify.com/s/files/1/0748/5076/2982/files/199059-imgLeft-1698568186.webp?v=1746552426,,true,false,0,0,2026-01-05T15:24:46.366574+00:00,2026-01-05T15:24:46.366574+00:00,0
air-jordan-11-davincis,v_davincis_xubefd,Air Jordan 11,,Other,32000,https://cdn.shopify.com/s/files/1/0748/5076/2982/files/1762733_P1.jpg?v=1746552417,,true,false,0,0,2026-01-05T15:24:46.366574+00:00,2026-01-05T15:24:46.366574+00:00,0
air-jordan-11-retro-dmp-gratitude-black-white-metallic-gold-davincis,v_davincis_xubefd,Air Jordan 11 Retro DMP Gratitude Black White Metallic Gold,,Other,32000,https://cdn.shopify.com/s/files/1/0748/5076/2982/files/jd_ANZ0030019_d.webp?v=1746552407,,true,false,0,0,2026-01-05T15:24:46.366574+00:00,2026-01-05T15:24:46.366574+00:00,0
canvas-new-balance-xc-72-beige-black-snekers-davincis,v_davincis_xubefd,"Canvas New Balance Xc 72 Beige Black, Snekers",,Other,29000,https://cdn.shopify.com/s/files/1/0748/5076/2982/files/new1.webp?v=1746552381,,true,false,0,0,2026-01-05T15:24:46.366574+00:00,2026-01-05T15:24:46.366574+00:00,0
brown-jumper-hoodie-iwanyu-store,v_iwanyu-store_0m5gwc,Plain jumper [hoodie],,Other,15000,https://cdn.shopify.com/s/files/1/0748/5076/2982/files/images_3_d1585586-d586-4b77-9cc5-265c7e0cb3c0.jpg?v=1746552328,,true,false,0,0,2026-01-05T15:24:46.366574+00:00,2026-01-05T15:24:46.366574+00:00,0
plain-casual-t-shirt-iwanyu-store,v_iwanyu-store_0m5gwc,Plain casual T-shirt,,Other,8000,https://cdn.shopify.com/s/files/1/0748/5076/2982/files/EmeraldGreenTShirts.png?v=1746552300,,true,false,0,0,2026-01-05T15:24:46.366574+00:00,2026-01-05T15:24:46.366574+00:00,0
black-and-white-shirt-iwanyu-store,v_iwanyu-store_0m5gwc,Black and white shirt,,Other,14600,https://cdn.shopify.com/s/files/1/0748/5076/2982/files/images_17.jpg?v=1746552283,,true,false,0,0,2026-01-05T15:24:46.366574+00:00,2026-01-05T15:24:46.366574+00:00,0
jordan-4-retro-universal-blue-iwanyu-store,v_iwanyu-store_0m5gwc,Jordan 4 retro universal blue,,Other,29000,https://cdn.shopify.com/s/files/1/0748/5076/2982/files/JBCT8527-400AirJordan4RetroUniversityBlueBlackTechGreyWhite_3298_1512x_bdfd1a07-856b-45e6-8e92-cbe05a3427ce.webp?v=1746552277,,true,false,0,0,2026-01-05T15:24:46.366574+00:00,2026-01-05T15:24:46.366574+00:00,0
la-stylish-hat-cap-iwanyu-store,v_iwanyu-store_0m5gwc,LA stylish hat [cap],,Other,7000,https://cdn.shopify.com/s/files/1/0748/5076/2982/files/images_25.jpg?v=1746552257,,true,false,0,0,2026-01-05T15:24:46.366574+00:00,2026-01-05T15:24:46.366574+00:00,0
air-jordan-retro-4-oreo-shoes-for-men-iwanyu-store,v_iwanyu-store_0m5gwc,Air Jordan Retro 4 Oreo Shoes For Men,,Other,28000,https://cdn.shopify.com/s/files/1/0748/5076/2982/files/Air-Jordan-Retro-4-Oreo-Shoes-For-Men-600x600.jpg?v=1746552252,,true,false,0,0,2026-01-05T15:24:46.366574+00:00,2026-01-05T15:24:46.366574+00:00,0
black-fades-jeans-iwanyu-store,v_iwanyu-store_0m5gwc,Black Fades Jeans,,Other,12200,https://cdn.shopify.com/s/files/1/0748/5076/2982/files/s-l1600_2.jpg?v=1746552241,,true,false,0,0,2026-01-05T15:24:46.366574+00:00,2026-01-05T15:24:46.366574+00:00,0
levis-vintage-jeans-iwanyu-store,v_iwanyu-store_0m5gwc,Levi's Vintage Jeans,,Other,15000,https://cdn.shopify.com/s/files/1/0748/5076/2982/files/83b8235b68d9bbd4d5225b3f307aee36.jpg?v=1746552219,,true,false,0,0,2026-01-05T15:24:46.366574+00:00,2026-01-05T15:24:46.366574+00:00,0
pocket-sides-cargo-pants-iwanyu-store,v_iwanyu-store_0m5gwc,Pocket Sides Cargo Pants,,Other,17300,https://cdn.shopify.com/s/files/1/0748/5076/2982/files/bfe00766d424306d0718866852d1afcc.jpg?v=1746552214,,true,false,0,0,2026-01-05T15:24:46.366574+00:00,2026-01-05T15:24:46.366574+00:00,0
converse-chuck-taylor-iwanyu-store,v_iwanyu-store_0m5gwc,Converse chuck Taylor,,Other,29000,https://cdn.shopify.com/s/files/1/0748/5076/2982/files/cfcc3cefa14a19c980953d75cb803e1d.jpg?v=1746552201,,true,false,0,0,2026-01-05T15:24:46.366574+00:00,2026-01-05T15:24:46.366574+00:00,0
new-balance-1906r-1-iwanyu-store,v_iwanyu-store_0m5gwc,New Balance 1906R,"The 1906R, like its cousins the 2002R and the 860v2, is led by a sole unit featuring a combination of flexible ACTEVA LITE cushioning, shock absorbing N-ergy, and segmented ABZORB SBS pods at the heel. This hi-tech approach is also reflected in the 1906R’s upper design, which features open-holed mesh and a series of curvilinear synthetic overlays. This distinctive take on the era’s design conventions offers a refined execution of high-performance heritage.",Shoes,37000,https://cdn.shopify.com/s/files/1/0748/5076/2982/files/m1906rer_nb_02_i.webp?v=1746569363,,true,false,0,0,2026-01-05T15:24:46.366574+00:00,2026-01-05T15:24:46.366574+00:00,0
new-balance-1906r-iwanyu-store,v_iwanyu-store_0m5gwc,New Balance 1906R,"The 1906R, like its cousins the 2002R and the 860v2, is led by a sole unit featuring a combination of flexible ACTEVA LITE cushioning, shock absorbing N-ergy, and segmented ABZORB SBS pods at the heel. This hi-tech approach is also reflected in the 1906R’s upper design, which features open-holed mesh and a series of curvilinear synthetic overlays. This distinctive take on the era’s design conventions offers a refined execution of high-performance heritage.",Shoes,37000,https://cdn.shopify.com/s/files/1/0748/5076/2982/files/m1906ree_nb_02_i.webp?v=1746569218,,true,false,0,0,2026-01-05T15:24:46.366574+00:00,2026-01-05T15:24:46.366574+00:00,0
new-balance740-2-iwanyu-store,v_iwanyu-store_0m5gwc,New Balance740,"The original 740 was the kind of daily runner that would be worn into the ground with heavy miles and bought all over again. This longtime fan favorite returns from the archives, poised to inspire a whole new generation of devotees. The 740 combines familiar elements of 2000s running-inspiration – an open knit mesh upper, segmented midsole, and a streamlined silhouette – with flourishes like two-tone color mesh and angular overlays, that give the 740 a unique visual identity. Whether you’re discovering, or rediscovering, the 740 is ready to become your next favorite shoe.",Shoes,35000,https://cdn.shopify.com/s/files/1/0748/5076/2982/files/u740in2_nb_02_i.webp?v=1746569054,,true,false,0,0,2026-01-05T15:24:46.366574+00:00,2026-01-05T15:24:46.366574+00:00,0
new-balance740-1-iwanyu-store,v_iwanyu-store_0m5gwc,New Balance740,"The original 740 was the kind of daily runner that would be worn into the ground with heavy miles and bought all over again. This longtime fan favorite returns from the archives, poised to inspire a whole new generation of devotees. The 740 combines familiar elements of 2000s running-inspiration – an open knit mesh upper, segmented midsole, and a streamlined silhouette – with flourishes like two-tone color mesh and angular overlays, that give the 740 a unique visual identity. Whether you’re discovering, or rediscovering, the 740 is ready to become your next favorite shoe.",Shoes,35000,https://cdn.shopify.com/s/files/1/0748/5076/2982/files/u740bo2_nb_02_i.webp?v=1746568976,,true,false,0,0,2026-01-05T15:24:46.366574+00:00,2026-01-05T15:24:46.366574+00:00,0
new-balance740-iwanyu-store,v_iwanyu-store_0m5gwc,New Balance740,"The original 740 was the kind of daily runner that would be worn into the ground with heavy miles and bought all over again. This longtime fan favorite returns from the archives, poised to inspire a whole new generation of devotees. The 740 combines familiar elements of 2000s running-inspiration – an open knit mesh upper, segmented midsole, and a streamlined silhouette – with flourishes like two-tone color mesh and angular overlays, that give the 740 a unique visual identity. Whether you’re discovering, or rediscovering, the 740 is ready to become your next favorite shoe.",Shoes,35000,https://cdn.shopify.com/s/files/1/0748/5076/2982/files/u740gs2_nb_02_i_0914f1b8-abfe-4c80-8512-4079319c9f6a.webp?v=1746568697,,true,false,0,0,2026-01-05T15:24:46.366574+00:00,2026-01-05T15:24:46.366574+00:00,0
adidas-sambae-shoes-my-store,v_my-store_5abcb6,Adidas Sambae Shoes,These adidas Sambae shoes breathe new life into a classic. Long gone are the days of the Samba as just an indoor training shoe — this fresh take on a timeless silhouette ushers in a new era of effortless versatility. A slightly more elevated gum rubber outsole and reworked upper add a modernized perspective that pairs perfectly with both casual and dressed-up looks.,Shoes,33000,https://cdn.shopify.com/s/files/1/0748/5076/2982/files/Sambae_Shoes_Black_JI1350_01_standard.jpg?v=1746568290,,true,false,0,0,2026-01-05T15:24:46.366574+00:00,2026-01-05T15:24:46.366574+00:00,0
nike-air-force-2-spplyplus,v_spplyplus_6sd7et,Nike Air Force 1,"Nike Air Force 1 



LEGENDARY STYLE REFINED.

The radiance lives on in the Nike Air Force 1 ’07, the b-ball OG that puts a fresh spin on what you know best: durably stitched overlays, clean finishes and the perfect amount of flash to make you shine.




Benefits

The stitched overlays on the upper add heritage style, durability and support.
Originally designed for performance hoops, the Nike Air cushioning adds lightweight, all-day comfort.
The low-cut silhouette adds a clean, streamlined look.
The padded collar feels soft and comfortable.





Product Details

Foam midsole
Perforations on the toe
Rubber sole
Shown: White/White
Style: CW2288-111



Air Force 1 Origins
Debuting in 1982, the AF1 was the first basketball shoe to house Nike Air, revolutionizing the game while rapidly gaining traction around the world. Today, the Air Force 1 stays true to its roots with the same soft and springy cushioning that changed sneaker history.",Shoes,30000,https://cdn.shopify.com/s/files/1/0748/5076/2982/files/AIR_FORCE_1_07_6.webp?v=1746553091,,true,false,0,0,2026-01-05T15:24:46.366574+00:00,2026-01-05T15:24:46.366574+00:00,0
nike-air-force-1-spplyplus,v_spplyplus_6sd7et,Nike Air Force 1,"Nike Air Force 1 



LEGENDARY STYLE REFINED.

The radiance lives on in the Nike Air Force 1 ’07, the b-ball OG that puts a fresh spin on what you know best: durably stitched overlays, clean finishes and the perfect amount of flash to make you shine.




Benefits

The stitched overlays on the upper add heritage style, durability and support.
Originally designed for performance hoops, the Nike Air cushioning adds lightweight, all-day comfort.
The low-cut silhouette adds a clean, streamlined look.
The padded collar feels soft and comfortable.





Product Details

Foam midsole
Perforations on the toe
Rubber sole
Shown: White/White
Style: CW2288-111



Air Force 1 Origins
Debuting in 1982, the AF1 was the first basketball shoe to house Nike Air, revolutionizing the game while rapidly gaining traction around the world. Today, the Air Force 1 stays true to its roots with the same soft and springy cushioning that changed sneaker history.",Shoes,30000,https://cdn.shopify.com/s/files/1/0748/5076/2982/files/AIR_FORCE_1_07_5.webp?v=1746553079,,true,false,0,0,2026-01-05T15:24:46.366574+00:00,2026-01-05T15:24:46.366574+00:00,0
jordan-x-jayson-tatum-vortex-spplyplus,v_spplyplus_6sd7et,Jordan x Jayson Tatum: Vortex,"Bright colors and big energy come together in the Tatum 2 ""Vortex."" The lightweight, flexible design was created with energy return in mind, and this colorway is all about how Jayson helps energize his team. When you're wearing them on the court, your opponents won't be able to ignore all the moves you make—but that doesn't mean they can stop you from scoring.


Conforming Fit
The frame wraps underneath the sole and onto the upper, helping support your low-to-the-ground gameplay.

Get Grippy
You're always moving on the court. That's where the rubber outsole and ground-contact foam come in—adding responsiveness and traction for your offense and defense.

Lightweight Build
Every time you go up with a light shoe, you're saving energy. We used rubber on the outsole (where you need it most) but foam with ample traction does the heavy lifting.







Product Details

Shown: Mint Foam/Black/Hyper Jade/Lava Glow
Style: FJ6457-300",Shoes,55000,https://cdn.shopify.com/s/files/1/0748/5076/2982/files/WhatsAppImage2024-08-02at10.49.54_1.jpg?v=1746553051,,true,false,0,0,2026-01-05T15:24:46.366574+00:00,2026-01-05T15:24:46.366574+00:00,0
adidas-ae-1j-with-love-mid-gs-spplyplus,v_spplyplus_6sd7et,Adidas AE 1J With Love Mid GS,"The adidas Anthony Edwards 1—Lace up in the style of one of the game's emerging superstars. These juniors' signature sneakers from adidas Basketball and Anthony Edwards are built for certified bucket getters. The combined BOOST and Lightstrike midsole is ultra-lightweight and adds outstanding energy return to your most explosive moves. A rubber outsole provides all the support you need to attack the hoop, while signature Anthony Edwards branding completes the look.


Lightweight midsole brings excellent energy return.
Rubber outsole delivers traction.",Shoes,60000,https://cdn.shopify.com/s/files/1/0748/5076/2982/files/WhatsAppImage2024-08-02at10.45.00_1.jpg?v=1746553039,,true,false,0,0,2026-01-05T15:24:46.366574+00:00,2026-01-05T15:24:46.366574+00:00,0
puma-x-lamelo-ball-mb-03-spplyplus,v_spplyplus_6sd7et,PUMA x LAMELO BALL MB.03,"Watch your boys move with power and make it rain on the court with the PUMA MB.03. Part of LaFrance, LaMelo Ball's official lifestyle fashion brand, these shoes celebrate Melo's electrifying game and bold style while taking your champions' performances to the next level. The disruptive design is packaged with a premium engineered woven mesh upper material and provides lightweight support to your kids.

The seamless construction with multi-zoned materials adds breathability and comfort. Flaunting vibrant patterns, these LaMelo-inspired sneakers fuse elements of slime and claw marks to celebrate explosive players, who truly define the ever-so-popular term ""other-worldly."" Lightweight, sleek, and performance-driven, the PUMA MB.03 helps your boys stack threes like legends.

PUMA MB.03 features:


Engineered woven mesh upper offers breathability.
Nitro Infused Foam in the midsole provides superior responsiveness and lightweight cushioning.
TPU heel counter brings added lateral stability.
Full-coverage high-abrasion tread pattern on the outsole with non-slip rubber compounds adds reliable traction.",Shoes,50000,https://cdn.shopify.com/s/files/1/0748/5076/2982/files/WhatsAppImage2024-08-02at10.37.24.jpg?v=1746553031,,true,false,0,0,2026-01-05T15:24:46.366574+00:00,2026-01-05T15:24:46.366574+00:00,0
nike-lebron-xxi-2-spplyplus,v_spplyplus_6sd7et,Nike Lebron XXI 2,"Drop a dime, cut the net, and show your game like a true champion with the Nike Lebron XXI. Loaded with Air Zoom units, these LeBron-inspired shoes discard the excess weight and are curved to bend in all directions, offering you perfect fluidity and explosiveness. Keeping you low to the ground, these hardwood silhouettes feature a soft midsole that enhances the court feel.

Fast and responsive, these sneakers provide energy return and move naturally with your foot during full-throttle, open floor attacks, rim runs, and beyond. When the game’s pace picks up, the Nike Lebron XXI lets you blaze through the court and shoot for the hoop with confidence.

Nike Lebron XXI features:


Upper made of a dimensional mesh feels airy and provides breathability and durability.
Bottom-loaded Zoom Air unit in the heel adds cushioning.
Carbon fibre midfoot plate offers steadiness and sturdiness.",Shoes,50000,https://cdn.shopify.com/s/files/1/0748/5076/2982/files/WhatsAppImage2024-08-02at10.36.25.jpg?v=1746553021,,true,false,0,0,2026-01-05T15:24:46.366574+00:00,2026-01-05T15:24:46.366574+00:00,0
summer-dress-3-iwanyu-stores,v_iwanyu-stores_qp2agg,Summer Dress,,Fashion,35000,https://cdn.shopify.com/s/files/1/0748/5076/2982/files/00def2d44e4e961a3e45bd12f89ffa6d.jpg?v=1749549577,,true,false,0,0,2026-01-05T15:24:46.366574+00:00,2026-01-05T15:24:46.366574+00:00,0
summer-dress-2-iwanyu-stores,v_iwanyu-stores_qp2agg,Summer Dress,,Fashion,35000,https://cdn.shopify.com/s/files/1/0748/5076/2982/files/57e8082863d8c830af9243962479a3bc.jpg?v=1749550931,,true,false,0,0,2026-01-05T15:24:46.366574+00:00,2026-01-05T15:24:46.366574+00:00,0
summer-dress-1-iwanyu-stores,v_iwanyu-stores_qp2agg,Summer Dress,,Fashion,35000,https://cdn.shopify.com/s/files/1/0748/5076/2982/files/5de49eafffbbbfedc2ef38bded8ea6d0.jpg?v=1749550719,,true,false,0,0,2026-01-05T15:24:46.366574+00:00,2026-01-05T15:24:46.366574+00:00,0
summer-dress-iwanyu-stores,v_iwanyu-stores_qp2agg,Summer Dress,,Fashion,35000,https://cdn.shopify.com/s/files/1/0748/5076/2982/files/d5d32e66ef8d48bddb0ac1b7c3e99d3d.jpg?v=1749549949,,true,false,0,0,2026-01-05T15:24:46.366574+00:00,2026-01-05T15:24:46.366574+00:00,0
batwing-sleeve-pleated-sweet-french-dress-iwanyu-stores,v_iwanyu-stores_qp2agg,Batwing Sleeve Pleated Sweet French Dress,,Fashion,32000,https://cdn.shopify.com/s/files/1/0748/5076/2982/files/84c8c2333d29967e8f4102fa398d95fa.jpg?v=1749549678,,true,false,0,0,2026-01-05T15:24:46.366574+00:00,2026-01-05T15:24:46.366574+00:00,0
lee-t-shirt-spplyplus,v_spplyplus_6sd7et,Lee T-shirt,,Fashion,23000,https://cdn.shopify.com/s/files/1/0748/5076/2982/files/382D12E4-D536-4899-A93A-FFAA4F6E7D82.jpg?v=1746553269,,true,false,0,0,2026-01-05T15:24:46.366574+00:00,2026-01-05T15:24:46.366574+00:00,0
tommy-t-shirt-spplyplus,v_spplyplus_6sd7et,Tommy T-shirt,,Fashion,23000,https://cdn.shopify.com/s/files/1/0748/5076/2982/files/4E2BE85A-0216-4F78-91FA-D9F342E8F1B2.jpg?v=1746553258,,true,false,0,0,2026-01-05T15:24:46.366574+00:00,2026-01-05T15:24:46.366574+00:00,0
untitled-aug28-11-38-spplyplus,v_spplyplus_6sd7et,Zara T-shirt,,Fashion,23000,https://cdn.shopify.com/s/files/1/0748/5076/2982/files/9F0960F3-96D9-452D-AFB2-9D7250B4A78B.jpg?v=1746553246,,true,false,0,0,2026-01-05T15:24:46.366574+00:00,2026-01-05T15:24:46.366574+00:00,0
untitled-aug8-01-02-spplyplus,v_spplyplus_6sd7et,T-Shirt,,Fashion,25000,https://cdn.shopify.com/s/files/1/0748/5076/2982/files/images_1_e7ed6e03-ef33-46a4-8a93-515a55c1bbaf.jpg?v=1746553101,,true,false,0,0,2026-01-05T15:24:46.366574+00:00,2026-01-05T15:24:46.366574+00:00,0
jean-jackets-spplyplus,v_spplyplus_6sd7et,Jean Jackets,,Fashion,40000,https://cdn.shopify.com/s/files/1/0748/5076/2982/files/3d5be447db4a18619ccd4408405ad1fa.jpg?v=1746553067,,true,false,0,0,2026-01-05T15:24:46.366574+00:00,2026-01-05T15:24:46.366574+00:00,0
f-jeans-iwanyu-store,v_iwanyu-store_0m5gwc,F-Jeans,,Fashion,15800,https://cdn.shopify.com/s/files/1/0748/5076/2982/files/e162c300356ea5c36399446950eb9471.jpg?v=1746552979,,true,false,0,0,2026-01-05T15:24:46.366574+00:00,2026-01-05T15:24:46.366574+00:00,0
al-hilal-jersey-iwanyu-store,v_iwanyu-store_0m5gwc,AL-HILAL Jersey,,Fashion,18000,https://cdn.shopify.com/s/files/1/0748/5076/2982/files/fe9791dfbea9c836c2fcfe719e161cbe.jpg?v=1746552680,,true,false,0,0,2026-01-05T15:24:46.366574+00:00,2026-01-05T15:24:46.366574+00:00,0
nerd-vest-iwanyu-store,v_iwanyu-store_0m5gwc,Nerd vest,,Fashion,16300,https://cdn.shopify.com/s/files/1/0748/5076/2982/files/c30cf4b7b2c341eefda642bef83996b5.jpg?v=1746552637,,true,false,0,0,2026-01-05T15:24:46.366574+00:00,2026-01-05T15:24:46.366574+00:00,0
t-io-iwanyu-store,v_iwanyu-store_0m5gwc,T-IO [5 pieces],,Fashion,8000,https://cdn.shopify.com/s/files/1/0748/5076/2982/files/b1bc7021d9a6fa38352cfd1902dad163.jpg?v=1746552633,,true,false,0,0,2026-01-05T15:24:46.366574+00:00,2026-01-05T15:24:46.366574+00:00,0
g-vest-iwanyu-store,v_iwanyu-store_0m5gwc,G-Vest,,Fashion,15800,https://cdn.shopify.com/s/files/1/0748/5076/2982/files/77dd1c598f221551b7b0096e2bcb0b4c.jpg?v=1746552553,,true,false,0,0,2026-01-05T15:24:46.366574+00:00,2026-01-05T15:24:46.366574+00:00,0
north-face-bomberjackets-iwanyu-store,v_iwanyu-store_0m5gwc,North face bomberjackets,,Fashion,30000,https://cdn.shopify.com/s/files/1/0748/5076/2982/files/5bcd3e36e72af101b23ee33da64b707c.jpg?v=1746552514,,true,false,0,0,2026-01-05T15:24:46.366574+00:00,2026-01-05T15:24:46.366574+00:00,0
palm-angels-iwanyu-store,v_iwanyu-store_0m5gwc,Palm angels,,Fashion,9300,https://cdn.shopify.com/s/files/1/0748/5076/2982/files/2f993c20029c341fc87fdf609ecc12ec.jpg?v=1746552490,,true,false,0,0,2026-01-05T15:24:46.366574+00:00,2026-01-05T15:24:46.366574+00:00,0
brooklyn-iwanyu-store,v_iwanyu-store_0m5gwc,Brooklyn,,Fashion,11100,https://cdn.shopify.com/s/files/1/0748/5076/2982/files/1a10b9364bb932da9d5168e55ef9d916.jpg?v=1746552485,,true,false,0,0,2026-01-05T15:24:46.366574+00:00,2026-01-05T15:24:46.366574+00:00,0
essentials-iwanyu-store,v_iwanyu-store_0m5gwc,Essentials,,Fashion,18400,https://cdn.shopify.com/s/files/1/0748/5076/2982/files/fd3f98fedb8b284b68019300ac4b6f60.jpg?v=1746552475,,true,false,0,0,2026-01-05T15:24:46.366574+00:00,2026-01-05T15:24:46.366574+00:00,0
nike-blue-hoodie-iwanyu-store,v_iwanyu-store_0m5gwc,Nike Blue Hoodie,,Fashion,16900,https://cdn.shopify.com/s/files/1/0748/5076/2982/files/eyJidWNrZXQiOiJic3RuLWltYWdlLXNlcnZlciIsImtleSI6ImNhdGFsb2cvcHJvZHVjdC9CVjI2NTQtNDk5L0JWMjY1NC00OTktMDEuanBnIiwiZWRpdHMiOnsicmVzaXplIjp7ImZpdCI6ImNvbnRhaW4iLCJ3aWR0aCI6MTE2MCwiaGVpZ2h.webp?v=1746552264,,true,false,0,0,2026-01-05T15:24:46.366574+00:00,2026-01-05T15:24:46.366574+00:00,0
crop-top-sweatshirts-iwanyu-store,v_iwanyu-store_0m5gwc,Crop top sweatshirts,,Fashion,10000,https://cdn.shopify.com/s/files/1/0748/5076/2982/files/47a02ba783ce014d8734af67fce10091.jpg?v=1746552206,,true,false,0,0,2026-01-05T15:24:46.366574+00:00,2026-01-05T15:24:46.366574+00:00,0
mens-track-pants-iwanyu-store,v_iwanyu-store_0m5gwc,Mens track-pants,,Fashion,18800,https://cdn.shopify.com/s/files/1/0748/5076/2982/files/c0668ad5ef2b2e9bd1c5e5246d532e4d.jpg?v=1746552195,,true,false,0,0,2026-01-05T15:24:46.366574+00:00,2026-01-05T15:24:46.366574+00:00,0
t-shirt-suit-two-piece-set-spplyplus,v_spplyplus_6sd7et,T-Shirt Suit Two-Piece Set,"Features &amp; details


style
simple


season
summer


fabric
Polyester


Sleeve Length
Short Sleeve


Size
regular


Features
Breathable 


pattern
Print",Fashion,17800,https://cdn.shopify.com/s/files/1/0748/5076/2982/files/k-s-oss-1676466868510rr5NQJdEer.webp?v=1746551989,,true,false,0,0,2026-01-05T15:24:46.366574+00:00,2026-01-05T15:24:46.366574+00:00,0
tommy-hilfiger-complete-tracksuit-spplyplus,v_spplyplus_6sd7et,Tommy Hilfiger Complete Tracksuit.,"Welfare reminder: There are product coupons on the store homepage, please pay attention to the store to receive the coupons, the products will be more discounted~

Due to the difference in light and display and the production of different batches, there may be a certain gap between the picture of the product and the actual product, which is not a quality problem, please understand, buyers who cannot accept it, please buy with caution。

If you are not satisfied with the goods you received, please contact us through whastup, we will solve the problem for you, thank you！❤

Manual measurement. There will be 2-4cm error.

Main fabric composition: polyester (polyester)

Pattern: solid color

Style: pullover

Fabric name: Polyester

Content of main fabric components: 80 (%)

Color: white, khaki, pink, red, purple, gray, green, black, yellow, blue, light gray, navy blue, wine red, orange red, camel

Size: S, M, L, XL, XXL, XXXL",Fashion,30000,https://cdn.shopify.com/s/files/1/0748/5076/2982/files/k-s-oss-1671007453274DYpasdENpy.jpg?v=1746551976,,true,false,0,0,2026-01-05T15:24:46.366574+00:00,2026-01-05T15:24:46.366574+00:00,0
women-shirts-and-blouse-spplyplus,v_spplyplus_6sd7et,Women Shirts and Blouse,"Features &amp; details


Size
Women's Regular


Type
Others


style
simple


season
summer


Collar
spaghetti


fabric
Others


Sleeve Length
Sleeveless







Features:

Easy to match with clothes:

Our tank top are simply designed, but also classic styles to wear in everyday life, a variety of colors for you to choose, these colors are easy matching ones, can fit your different clothes.

Comfortable wearing experience: made of modal , soft to touch, comfortable to wear, this kind of material is stretchy, will not make you feel too tight

This crop tank top is a basic and necessary accessory for women and girls, it is practical to wear for running, yoga, dancing, biking, gym exercise, exercise workout, also nice to be applied as daily wearing in home, give you relaxed feeling.

Specifications:

Material: modal cotton

One size. Bust64-88cm, length26cm, Suitable for most people

Package includes: 1 x Women crop tank top",Fashion,7500,https://cdn.shopify.com/s/files/1/0748/5076/2982/files/k-s-oss-1648709980105Y7Ta6NsCPz.jpg?v=1746551942,,true,false,0,0,2026-01-05T15:24:46.366574+00:00,2026-01-05T15:24:46.366574+00:00,0
crossdire-braceletes-iwanyu-stores,v_iwanyu-stores_qp2agg,Crossdire Braceletes,,Jewelry,4500,https://cdn.shopify.com/s/files/1/0748/5076/2982/files/ac98324f021bbf24017d8a336f3c654f.jpg?v=1749551742,,true,false,0,0,2026-01-05T15:24:46.366574+00:00,2026-01-05T15:24:46.366574+00:00,0
bopbee-necklaces-iwanyu-stores,v_iwanyu-stores_qp2agg,bopbee Necklaces,,Jewelry,4500,https://cdn.shopify.com/s/files/1/0748/5076/2982/files/61d1ce3756c3a8c52f7892ea9ed2bdf4.jpg?v=1749551640,,true,false,0,0,2026-01-05T15:24:46.366574+00:00,2026-01-05T15:24:46.366574+00:00,0
circlos-necklaces-iwanyu-stores,v_iwanyu-stores_qp2agg,Circlos Necklaces,,Jewelry,4500,https://cdn.shopify.com/s/files/1/0748/5076/2982/files/199114ce3406bc94d99b6dbb138f5c60.jpg?v=1749551588,,true,false,0,0,2026-01-05T15:24:46.366574+00:00,2026-01-05T15:24:46.366574+00:00,0
choker-necklaces-iwanyu-stores,v_iwanyu-stores_qp2agg,Choker Necklaces,,Jewelry,4500,https://cdn.shopify.com/s/files/1/0748/5076/2982/files/b8191448d07759f862b8a6592fa25113.jpg?v=1749551459,,true,false,0,0,2026-01-05T15:24:46.366574+00:00,2026-01-05T15:24:46.366574+00:00,0
leather-bracelet-spplyplus,v_spplyplus_6sd7et,Leather Bracelet,"Fashion Jewelry Relief Flower Alloy Leather Bracelet Men Casual personality PU Woven Beaded Bracelet Vintage Punk Bracelet


Item Type:Bracelets
Fine or Fashion:Fashion
Length:20cm
Clasp Type:Easy-hook
Shape\pattern:Geometric
Gender:Men
Style:Punk
Setting Type:Tension Mount
Material:Leather
Chain Type:Rope Chain
Bracelets Type:Charm Bracelets
Metals Type:alloy
Is Customized:Yes
Place of Origin:Zhejiang China
Boxes &amp; Cases Material:OPP bag",Jewelry,4000,https://cdn.shopify.com/s/files/1/0748/5076/2982/files/upload-productImg-1534298335820.jpg?v=1746551981,,true,false,0,0,2026-01-05T15:24:46.366574+00:00,2026-01-05T15:24:46.366574+00:00,0
bayern-munich-jersey-iwanyu-store,v_iwanyu-store_0m5gwc,Bayern Munich Jersey,,Sports,18600,https://cdn.shopify.com/s/files/1/0748/5076/2982/files/d59201c6ec9138b043e26f0bdb02aa33.jpg?v=1746552900,,true,false,0,0,2026-01-05T15:24:46.366574+00:00,2026-01-05T15:24:46.366574+00:00,0
real-madrid-iwanyu-store,v_iwanyu-store_0m5gwc,Real madrid jersey,,Sports,18600,https://cdn.shopify.com/s/files/1/0748/5076/2982/files/71943f86c4a92ff02ed45077fe7b6cce.jpg?v=1746552720,,true,false,0,0,2026-01-05T15:24:46.366574+00:00,2026-01-05T15:24:46.366574+00:00,0
arsenal-jersey-iwanyu-store,v_iwanyu-store_0m5gwc,Arsenal Jersey,,Sports,19000,https://cdn.shopify.com/s/files/1/0748/5076/2982/files/0990089d_jpg.webp?v=1746552693,,true,false,0,0,2026-01-05T15:24:46.366574+00:00,2026-01-05T15:24:46.366574+00:00,0
euro-france-jersey-spplyplus,v_spplyplus_6sd7et,Euro France Jersey,,Sports,23000,https://cdn.shopify.com/s/files/1/0748/5076/2982/files/991b1c3e77d7d08d82e3b3441fa60faf.jpg?v=1746552095,,true,false,0,0,2026-01-05T15:24:46.366574+00:00,2026-01-05T15:24:46.366574+00:00,0
euro-germany-jersey-spplyplus,v_spplyplus_6sd7et,Euro Germany Jersey,,Sports,23000,https://cdn.shopify.com/s/files/1/0748/5076/2982/files/42e2c4df54557866ae5cd8d17a7f85f0.jpg?v=1746552089,,true,false,0,0,2026-01-05T15:24:46.366574+00:00,2026-01-05T15:24:46.366574+00:00,0
adidas-001-avy,v_avy_56ccvi,Adidas,aysxdcfvgbhgvfcdrxesdcfvgbhnjmnhbzgvtfredcftvgbhjnk,Shoes,30000,https://mytfbdfxsurylijnzklf.supabase.co/storage/v1/object/public/product-images/d32ae9ed-9b7e-4324-80c8-ee15b2445cbe/1755390464453_Samba_OG_Shoes_Blue_JS3934_04_standard.avif,,true,false,0,0,2026-01-05T15:16:45.627539+00:00,2026-01-05T15:16:45.627539+00:00,0
adidas-001-vincinci,v_vincinci_12tzn8,Adidas,yawsxedcrfvtgbzhnujmnhubzgtvfredrcfvgbh nbgztrfvg hb,Shoes,34000,https://mytfbdfxsurylijnzklf.supabase.co/storage/v1/object/public/product-images/e60d63a1-2f70-4c60-9ef3-2c12a47dd964/1755476490611_Samba_OG_Shoes_Black_JS1387_01_00_standard.avif,,true,false,0,0,2026-01-05T15:16:45.627539+00:00,2026-01-05T15:16:45.627539+00:00,0
adidas-001-davynci,v_davynci_afoekk,Adidas,"gfhbjnkm,cv bhfgvbzhu8juhjb n",Shoes,40000,https://mytfbdfxsurylijnzklf.supabase.co/storage/v1/object/public/product-images/fc1b6794-14a4-4bf3-a1e8-8676359d11f1/1755388772003_Samba_OG_Shoes_Black_JS1387_01_00_standard.avif,,true,false,0,0,2026-01-05T15:16:45.627539+00:00,2026-01-05T15:16:45.627539+00:00,0
wallpapers-001-vincinci,v_vincinci_12tzn8,Wallpapers,cvfbgzhnnhubzgtvrfeddrcftvgbhjmnuhztgrfedrcfvghbjn,Home,45000,https://mytfbdfxsurylijnzklf.supabase.co/storage/v1/object/public/product-images/e60d63a1-2f70-4c60-9ef3-2c12a47dd964/1755476654792_-wallpaper-preview.jpg,,false,false,0,0,2026-01-05T15:16:45.627539+00:00,2026-01-05T15:16:45.627539+00:00,0